CARD_NUMBER,pin,drivers_license_number,first_name,last_name,street,street_two,city,state,zip,email
1016648765,2312,L783461256,Chris,Lopez,"006 Texas Crossing",NULL,"WARSON WOODS",MO,NULL,rgrant3a@pcworld.com
1024297290,6505,J655009166,Ernest,Franklin,"710 Eagan Terrace",NULL,FERGUSON,MO,NULL,rblack9y@epa.gov
1030954210,1954,W300723341,Anthony,Crawford,"17 High Crossing Crossing",NULL,RIVERVIEW,MO,NULL,ahenry62@psu.edu
1062902043,4053,H758077813,Andrew,White,,NULL,PACIFIC,MO,NULL,areid1j@storify.com
1065386231,5721,O284707033,Alan,Scott,"48483 Shasta Terrace",NULL,KIRKWOOD,MO,NULL,mfields3q@printfriendly.com
1094610827,9414,M659431297,Jennifer,Allen,"5 Oak Plaza",NULL,"WARSON WOODS",MO,NULL,khansene@dmoz.org
1101206569,9913,Q063465516,George,Cook,,NULL,CHAMP,MO,NULL,dfranklin7y@tumblr.com
1122161861,4456,S242138551,Lisa,Edwards,"5 Lakewood Gardens Alley",NULL,CHESTERFIELD,MO,NULL,aortiz93@1und1.de
1131128726,8335,O273031566,Richard,Murray,,NULL,"SYCAMORE HILLS",MO,NULL,jlittle7q@symantec.com
1172006736,4524,Z608401691,Pamela,Simmons,"254 Lindbergh Court",NULL,FLORISSANT,MO,NULL,rmcdonald2q@alibaba.com
1210293490,2355,B511308400,Carolyn,Brown,"25 Spaight Point",NULL,FLORISSANT,MO,NULL,mevans8x@stanford.edu
1228019493,9988,O841958282,Patricia,Harvey,"1 Cherokee Place",NULL,"ROCK HILL",MO,NULL,ebennett47@patch.com
1235998181,7480,E396773320,Phillip,Stevens,"3 Pawling Pass",NULL,CLAYTON,MO,NULL,jford4z@fotki.com
1302490055,9755,G692814110,Albert,Bowman,"873 Claremont Hill",NULL,"TOWN & COUNTRY",MO,NULL,sberry19@drupal.org
1326487173,7092,R812147205,Jean,Bryant,,NULL,"COOL VALLEY",MO,NULL,rpowellz@xrea.com
1351830808,9648,S970610650,Ryan,Garrett,"45855 Village Green Avenue",NULL,"RICHMOND HEIGHTS",,NULL,janderson86@usa.gov
1368858847,7861,C799443719,Jacqueline,Barnes,"68 Monica Circle",NULL,"VINITA PARK",MO,NULL,fsanchezb2@qq.com
1400930369,5746,Y165779775,Roy,Parker,"2 Scoville Way",NULL,"GLEN ECHO PARK",MO,NULL,rrosea4@123-reg.co.uk
1410170593,6555,Q168264286,Sandra,Palmer,"808 Esch Way",NULL,"SYCAMORE HILLS",MO,NULL,lcollins7b@weebly.com
1414255284,8927,F411853697,Wanda,Ray,"851 Russell Park",NULL,FRONTENAC,MO,NULL,mmills7w@abc.net.au
1417286157,9130,Q722588049,Patrick,Weaver,"673 Ridge Oak Trail",NULL,"HANLEY HILLS",MO,NULL,brose68@wordpress.org
1430214839,4610,N525607908,Carol,Fisher,"4 Moulton Terrace",NULL,"MARYLAND HEIGHTS",MO,NULL,rrose9k@blog.com
1446052067,8029,M335664838,Janet,Diaz,"14900 Glacier Hill Road",NULL,GLENDALE,MO,NULL,dbrooks2k@imageshack.us
1480797779,2023,D222387855,Lisa,Sims,"30 Calypso Court",NULL,NORMANDY,MO,NULL,mthomas2t@dell.com
1488535439,5968,B548205122,Andrea,Carr,"592 Sachs Way",NULL,"WILBUR PARK",MO,NULL,sgreene99@mapy.cz
1514340746,9606,H716836419,Nicholas,Ray,"8446 Holy Cross Parkway",NULL,JENNINGS,MO,NULL,jwagner8l@symantec.com
1518950051,6618,O567042164,Samuel,Coleman,"9 Pearson Park",NULL,"ST. LOUIS CITY",MO,NULL,kduncan5v@princeton.edu
1525828700,8883,F146877051,Annie,Dunn,"9953 Doe Crossing Crossing",NULL,FENTON,MO,NULL,mgray8g@berkeley.edu
1543654639,3185,D731806579,Timothy,Perez,"1858 Milwaukee Street",NULL,EDMUNDSON,MO,NULL,wfisher28@google.ru
1572226218,7041,A805069466,Benjamin,Gordon,"969 Summer Ridge Plaza",NULL,FRONTENAC,MO,NULL,rwood5a@homestead.com
1590103634,8093,W725490066,Virginia,Flores,"9115 Merchant Park",NULL,WILDWOOD,MO,NULL,khunt35@usa.gov
1614200420,8723,E321144851,Beverly,Bradley,"1756 Grasskamp Drive",NULL,OAKLAND,MO,NULL,jhowellat@xrea.com
1627291706,8810,M508715560,Anne,Thompson,"2 Darwin Hill",NULL,SHREWSBURY,MO,NULL,asmith9f@goo.ne.jp
1652060464,2865,F491849544,Walter,Johnson,"88912 Northview Hill",NULL,"BRECKENRIDGE HILLS",MO,NULL,dolson3f@loc.gov
1688842316,4600,K382190578,Linda,Brooks,"0517 Fieldstone Pass",NULL,"TWIN OAKS",MO,NULL,aharrison5b@mediafire.com
1699144061,3980,Z229099257,Stephen,Green,,NULL,OVERLAND,MO,NULL,msnyder2l@upenn.edu
1716066983,4414,S452812321,Bruce,Mccoy,"30 East Lane",NULL,"GRANTWOOD VILLAGE",MO,NULL,wrobertson40@smh.com.au
1790249989,4731,A840420280,Lori,Grant,"62819 Jay Way",NULL,HILLSDALE,,NULL,kmiller9@un.org
1801065417,6098,C700859784,Julia,Berry,"3150 Southridge Circle",NULL,KIRKWOOD,MO,NULL,rcollins48@ucsd.edu
1832528416,8611,J523987277,Carol,West,"381 Chive Place",NULL,MAPLEWOOD,MO,NULL,lcox1h@youku.com
1860328843,9624,A978973252,Lisa,Hawkins,"939 Reindahl Terrace",NULL,"WILBUR PARK",MO,NULL,cellis3j@drupal.org
1920225902,3494,F261219468,Debra,Larson,"835 Lunder Drive",NULL,FENTON,MO,NULL,jkennedy43@webs.com
1981419596,8618,V609095519,Andrew,Harper,"58043 Moulton Center",NULL,"WILBUR PARK",,NULL,jrice6f@sbwire.com
1986400824,3794,N927076870,Kathy,Bailey,"1 Talisman Court",NULL,NORMANDY,MO,NULL,bholmes2z@va.gov
2001857239,4145,H935071342,Annie,Alexander,"2 Daystar Road",NULL,BERKELEY,MO,NULL,jross5f@dion.ne.jp
2019390901,2528,L628163308,Richard,Cook,"8213 Reinke Road",NULL,BRIDGETON,MO,NULL,bgutierrez4l@ted.com
2039405500,3794,W893732058,Samuel,Nguyen,"455 Haas Crossing",NULL,"HANLEY HILLS",MO,NULL,mmatthews4m@desdev.cn
2063786783,7178,W522691772,Kelly,Jones,"99269 Mayer Circle",NULL,GREENDALE,MO,NULL,sgarciab1@google.com
2066003480,8048,J503021884,Eugene,Wagner,"8904 Darwin Park",NULL,PACIFIC,MO,NULL,cgilbert49@4shared.com
2070647103,6323,H841567050,Anne,Stephens,"17 Maple Wood Drive",NULL,FLORISSANT,MO,NULL,kmartinez5m@unc.edu
2080800512,8165,U343166465,Todd,Lewis,"6441 New Castle Circle",NULL,ELLISVILLE,MO,NULL,bburns3l@infoseek.co.jp
2084419650,3929,T243679294,Kathy,Torres,"619 Golf View Road",NULL,"CRYSTAL LAKE PARK",MO,NULL,jwillis34@tripadvisor.com
2147483647,7982,P087538224,Jessica,Brooks,"89 Russell Road",NULL,"CLARKSON VALLEY",,NULL,rhernandez0@dailymail.co.uk
